{"cameraMode":{"drawMode":0,"name":"Shaded","section":"Shading Mode"},"sceneLighting":true,"audioPlay":false,"sceneViewState":{"showFog":true,"showMaterialUpdate":true,"showSkybox":false,"showFlares":true,"showImageEffects":true,"showParticleSystems":true},"in2DMode":false,"pivot":{"x":-3.001500368118286,"y":-5.347873210906982,"z":1.8692142963409424},"rotation":{"x":-0.0842546746134758,"y":0.9027503728866577,"z":-0.20691151916980744,"w":-0.3676012456417084},"size":12.917437553405762,"orthographic":false}